name,account,author,type,title,summary,likeCount,clicksCount,url,publicTime,orderNum,originalFlag,imageUrl,sourceUrl,videoUrl,musicUrl,audioUrl,updateTime,insertTime,topic0,topic1,topic2,topic3,topic4,topic5,topic6,topic7,topic8,topic9,topic10,topic11,topic12,topic13,topic14,topic15,topic16,topic17,topic18,topic19
南京吃喝玩乐,happyinnanjing,南京吃喝玩乐,民生,住宾馆时，怎么知道房间有没有针孔摄像头？,近日，有网友爆料：在入住的宾馆里换拖鞋时，在正对着床的沙发上居然发现了一个针孔摄像头！不仔细看的话，还真看不,175,27784,http://mp.weixin.qq.com/s?__biz=MjM5NTkwNTI2MQ==&mid=202372838&idx=5&sn=54598264fd4394d76250959ac054bc5b&scene=4,2015-01-26 12:55:11,4,0,http://mmbiz.qpic.cn/mmbiz/tFkwuuAv9G7qLOMfVzRG13xrcBEM0lCskeb1UD1q4U8d0wS1USz8MyfGbOBQlT6lc9e4uRQy2MdoWiasw5zmE0w/0,,,,,2015-02-02 11:21:26,2015-01-27 02:45:48,0.05,0.05,0.05,19.820356,0.05,0.05,0.05,0.05,0.05,0.05,40.71615,0.05,0.05,0.05,46.502632,0.05,0.05,0.05,0.05,0.05
正商阅读,zsyd88,政商阅读,财富,千年至理：爱子七不责,﻿点击上面蓝字“政商阅读”免费关注广受推崇的微信公众号。微信号：zsyd881、对众不责在大庭广众之下，不要,139,56752,http://mp.weixin.qq.com/s?__biz=MjM5MjEwNzE2NA==&mid=204142244&idx=7&sn=3d8a7602ecfde9649b0a817944186cb9&scene=4,2015-01-24 19:02:07,6,0,http://mmbiz.qpic.cn/mmbiz/shzhgnmbLIdTFu14cj7Y9SdYl3xthmulzsibLP8BXXl3dUSTXszoWx7a0Ygk6nN4dia4LcUhwqW5gcvtaAJlJzGA/0,,,,,2015-02-03 10:10:26,2015-01-27 02:49:56,0.05,0.05,0.05,0.05,106.34929,0.05,0.05,13.316137,0.05,0.05,0.05,23.704185,0.05,0.05,0.05,0.05,0.05,0.05,0.05,0.05
南京吃喝玩乐,happyinnanjing,南京吃喝玩乐,民生,▶太恶心了，吃火锅前一定要注意，速看！,速看~,113,20763,http://mp.weixin.qq.com/s?__biz=MjM5NTkwNTI2MQ==&mid=202372838&idx=4&sn=5f31212cac6cd632fe49a078bbea44c7&scene=4,2015-01-26 12:55:11,3,0,http://mmbiz.qpic.cn/mmbiz/tFkwuuAv9G7qLOMfVzRG13xrcBEM0lCsOpxY7yYXM30V5XneMHyjf8ZHcjEcP8uZGicdN67Frriajaia5aib9xoYdg/0,,,,,2015-02-02 11:21:26,2015-01-27 02:45:48,0.05,0.05,0.05,0.05,0.05,0.05,0.05,0.05,0.05,0.05,0.05,0.05,0.05,0.05,10.045543,0.05,0.05,0.05,0.05,0.05
国学精粹与生活艺术,gxjhshys,国学精粹与生活艺术,文化,小时候，你这样二过吗？百分百中枪有木有！,点上方国学精粹与生活艺术免费快速订阅；国学精粹与生活艺术 主编私人微信gxjcyshys这里是70万读者的传,454,87840,http://mp.weixin.qq.com/s?__biz=MzA4OTAzNjMzMQ==&mid=203555520&idx=8&sn=bf1f6c3e237c51034c6e71f55ee26fac&scene=4,2015-01-18 08:34:10,7,0,http://mmbiz.qpic.cn/mmbiz/KQ0VWH7qUN8MoV65wdQLxxHvp4II1LAqu6IAMiaWrXZ0osPJT5rjYR1frsZPehzZFDBQNbBFUToj7S3sTtWxCzA/0,,,,,2015-01-26 16:48:35,2015-01-19 12:24:38,0.05,0.05,0.05,0.05,6.6251597,0.05,0.05,0.05,0.05,0.05,0.05,44.87632,0.05,9.980097,0.05,0.05,20.219387,0.05,0.05,0.05
南京吃喝玩乐,happyinnanjing,南京吃喝玩乐,民生,太有用了！看到第二个我就收了!,一. 放个苹果，土豆不发芽二. 用保鲜膜包住根部，可延长香蕉的保存时间三 切水果大全。。。1、这样切西瓜真的,161,17728,http://mp.weixin.qq.com/s?__biz=MjM5NTkwNTI2MQ==&mid=202403015&idx=5&sn=5cfd1bf3648109f57d22a99ee7c4733a&scene=4,2015-01-27 21:38:15,4,0,http://mmbiz.qpic.cn/mmbiz/tFkwuuAv9G5n9f5UKOibfzjiavUIhoKuiaV06ehtHBuAicZ0BhIp9Ux5iaZQ6Pk5dg2AOxa9QdTd0cWnbiaZTYWyMSog/0,,,,,2015-02-02 11:30:38,2015-01-28 02:47:55,0.05,0.05,0.05,0.05,2.021724,0.050000004,0.05,76.99265,0.05,0.05,3.7585173,0.05,0.05,0.05,0.05,0.05,0.05,0.05,0.05,0.05
Dispatch,DispatchDaily@qianyi,星明网韩娱速递,体娱,如何区分韩饭日饭中饭？？你中了没？,韩娱速递ID: hanyusudi微信圈唯一超百万关注的韩国娱乐公共平台，最新最快韩国娱乐资讯就在这里商务合,235,25714,http://mp.weixin.qq.com/s?__biz=MjM5MjQxMjA0Mg==&mid=205589902&idx=5&sn=deec4b38ff3d9f081a19b7ffad95a4d0&scene=4,2015-01-27 08:55:38,4,0,http://mmbiz.qpic.cn/mmbiz/altnl8Xibvb0W5cEL5ubKJ58Od6s35XMceOEAFI6h1VE1hAgqLFthTxeUtlmGQztktE9qRAfVzmicdbny35yMzZA/0,,,,,2015-02-02 11:22:06,2015-01-28 01:02:26,0.05,0.05,0.05,0.05,0.05,0.05,0.05,0.05,0.05,0.05,0.05,19.181408,0.05,0.05,0.05,0.05,0.05,0.05,47.897655,7.36503
Dispatch,DispatchDaily@qianyi,星明网韩娱速递,体娱,震惊！！你知道为什么男孩要自杀吗？知道真相的你眼泪掉下来。。。,有个男孩跟他女友去河边散步。突然他的女友掉进河里了。。。。他就问 那老人为什么鱼身上没有沾到一点水草，那老人,49,8220,http://mp.weixin.qq.com/s?__biz=MjM5MjQxMjA0Mg==&mid=204524254&idx=8&sn=d2375979ba876013577a833c3a436a83&scene=4,2015-01-05 17:51:53,7,0,http://mmbiz.qpic.cn/mmbiz/altnl8Xibvb3Te2z4T56CjHknGiapcfRlBSmKUO05U64R8l3c036oLichTBcQSskJF4nwyw9cy3bBQNCHQbVFS4LA/0,,,,,2015-01-12 11:05:20,2015-01-06 12:01:54,0.05,0.05,0.05,0.05,0.05,0.05,0.05,0.05,0.05,0.05,3.424152,0.05,0.05,0.05,74.21564,15.149483,0.05,0.05,0.05,0.05
南京吃喝玩乐,happyinnanjing,南京吃喝玩乐,民生,南京人童年殿堂级零食 你吃过多少？,今年，辣条莫名其妙就火了，其实我们大蓝鲸人童年额零食有着丰富的选择，不过不少都是父母严令禁吃，自己偷偷存钱买,50,11997,http://mp.weixin.qq.com/s?__biz=MjM5NTkwNTI2MQ==&mid=202037113&idx=5&sn=b7ec35b6a4f723d07755a3917a7b9c10&scene=4,2015-01-12 08:13:15,4,0,http://mmbiz.qpic.cn/mmbiz/tFkwuuAv9G7icM6FawQJwjZkzcWSQfHuRVMHuV1ibc0ZEibPibgNibRjxWrQFdUf4SHibgFicv2eWww0kc4LXauv4sePw/0,,,,,2015-01-19 12:25:47,2015-01-19 12:25:17,0.05,0.05,0.05,0.05,24.383947,0.05,2.4346807,33.875153,0.05,0.05,0.05,0.05,0.05,0.05,0.05,10.749091,0.05,0.05,362.8626,2.0349836
国学精粹与生活艺术,gxjhshys,国学精粹与生活艺术,文化,毛泽东晚年对邓小平、华国锋的惊人预言,点上方国学精粹与生活艺术免费快速订阅；国学精粹与生活艺术 微信号：gxjhshys这里是70万读者的传统文化,721,100001,http://mp.weixin.qq.com/s?__biz=MzA4OTAzNjMzMQ==&mid=203237986&idx=8&sn=5c2e26690378a17d5d6724961dcc6e41&scene=4,2015-01-06 06:54:06,7,0,http://mmbiz.qpic.cn/mmbiz/KQ0VWH7qUN9ica5s9icQTMyq3n1sB2UI03DBVQsTCjviafSsrqKiatsoOd8I7dQoohlicRkwVgJiaibdsPUlpGb1jcaWQ/0,,,,,2015-01-12 13:11:44,2015-01-12 13:11:11,0.05,0.05,0.05,0.05,0.05,0.05,0.05,0.05,0.05,136.58646,0.05,12.922502,0.05,3.113142,0.05,17.924192,40.139732,0.05,0.05,0.05
南京吃喝玩乐,happyinnanjing,南京吃喝玩乐,民生,和一个南京人讨论n、l 的后果。。。别怪我没提醒你！,摇摆！,36,9355,http://mp.weixin.qq.com/s?__biz=MjM5NTkwNTI2MQ==&mid=202403015&idx=3&sn=1b59509b9ea2626f2486422b173dd6c8&scene=4,2015-01-27 21:38:15,2,0,http://mmbiz.qpic.cn/mmbiz/tFkwuuAv9G5n9f5UKOibfzjiavUIhoKuiaVFjPvjBO9GRHiczIPyVIrroP4St4D7h4ZFa2XynhticUYzjuHnAhhFfKQ/0,,,,,2015-02-02 11:30:38,2015-01-28 02:47:55,0.05,0.05,0.05,0.05,0.05,13.7604685,0.05,0.05,0.05,0.05,0.05,18.086708,0.05,0.05,20.210014,0.05,0.05,0.05,0.05,0.05
南京吃喝玩乐,happyinnanjing,南京吃喝玩乐,民生,吃喝玩乐在南京·景区盘点,六朝金粉地，十里秦淮河江南佳丽地，金陵帝王州。秦淮河秦淮河是南京第一大河，秦淮河分内河和外河，内河在南京城中,80,10868,http://mp.weixin.qq.com/s?__biz=MjM5NTkwNTI2MQ==&mid=202422060&idx=3&sn=4a1197b88ac79aa31a1084f748486b92&scene=4,2015-01-28 20:46:12,2,0,http://mmbiz.qpic.cn/mmbiz/tFkwuuAv9G7LvYKjcA4oPUicvHZzaWiczM1wGobqfLmMN8wc37eibeJGAARibQmCXib9pbKVQibcEicWkRCo9rDUateog/0,,,,,2015-02-02 11:39:56,2015-01-29 10:45:57,0.05,0.05,0.05,0.05,0.05,84.28727,0.05,0.05,0.05,13.816545,0.05,0.05,0.05,344.44943,0.05,0.05,8.892959,0.05,0.05,0.05
南京吃喝玩乐,happyinnanjing,南京吃喝玩乐,民生,小明，滚出去！（真人实演，火爆网络）,▶最近网上很流行“小明，你给我滚出去”，网友们发挥了天马行空的想象能力，各种奇思妙想的段子不断，莫名的戳中笑,69,24303,http://mp.weixin.qq.com/s?__biz=MjM5NTkwNTI2MQ==&mid=202210847&idx=3&sn=331be2ddceebbd68234c72b0bd8a9ece&scene=4,2015-01-19 15:27:52,2,0,http://mmbiz.qpic.cn/mmbiz/tFkwuuAv9G4MibWFmw6gQHUXaHIvI4lXgrtrh8y0mAhNpkXPkTWl5p2KDrJs21DHMpcdUeliac1wgicQic9CBZhuMw/0,,,,,2015-01-26 11:18:28,2015-01-20 12:27:43,0.05,0.05,0.05,0.05,0.05,0.05,0.05,0.05,0.05,0.05,0.05,63.964462,0.05,0.05,0.05,0.05,0.05,0.05,0.05,0.05
正商阅读,zsyd88,政商阅读,财富,清华校长陈吉宁最新演讲：平庸与卓越的差别（好文，强烈推荐）,﻿点击上面蓝字“政商阅读”免费关注广受推崇的微信公众号。微信号：zsyd88本文是清华大学陈吉宁校长于在20,608,100001,http://mp.weixin.qq.com/s?__biz=MjM5MjEwNzE2NA==&mid=204223261&idx=6&sn=6a65676b448e434040523d820a17e318&scene=4,2015-01-27 20:32:50,5,0,http://mmbiz.qpic.cn/mmbiz/shzhgnmbLIekP5IT4icwTxoD84XNWCyyelztiaw3Nv69nSibSyGHx8e3JFKxjD38f75lpjefqzbMFiaRoNJqDJ4icNw/0,,,,,2015-02-02 11:30:58,2015-01-28 02:51:37,91.89621,0.05,34.608788,0.05,84.47357,0.05,0.05,0.05,0.05,0.05,0.05,0.05,0.05,0.05,0.05,129.53922,0.05,187.82336,0.05,0.05
二更,ergengshipin,二更,乐活,马云背后的男人们,淘宝十周年庆典，马云想唱歌，专门请来他们为其伴奏。不过在这之前，Orange乐队就已经在杭州的曙光路上小有名气……,48,11594,http://mp.weixin.qq.com/s?__biz=MzAxODEyMjc5OA==&mid=203014520&idx=1&sn=dc38dd6114110615c4bc4173d6725a1c&scene=4,2015-01-27 21:55:35,0,0,http://mmbiz.qpic.cn/mmbiz/eDicWxMAPcsJrFfDq0f3YyeATZAT20TcUWHyh3fkhTJkibLLTAOOeTgtGa9IbGJkSL8cg5If5GZ9YL3N2eKysicvw/0,,,,,2015-02-02 12:12:04,2015-02-02 11:00:25,18.541761,0.05,34.902073,0.05,0.05,0.05,0.05,0.05,0.05,0.05,0.050000004,0.05,0.05,10.234499,0.05,20.979866,0.05,0.050000004,0.05,0.05
正商阅读,zsyd88,政商阅读,财富,你越对，得罪的人越多！,﻿点击上面蓝字“政商阅读”免费关注广受推崇的微信公众号。微信号：zsyd88文/曾仕强中国人求的是圆满，绝对,215,100001,http://mp.weixin.qq.com/s?__biz=MjM5MjEwNzE2NA==&mid=204325465&idx=6&sn=9bb07d23fe6b92178e2e98c4131d4348&scene=4,2015-01-31 19:01:39,5,0,http://mmbiz.qpic.cn/mmbiz/shzhgnmbLIdbUOib7X1L42kOOt9bKR5zK4BX9VvGY2iakDaVe4XVed00NTKOqk055q2FULEQVNej0bNiajib5s5TwQ/0,,,,,2015-02-03 10:23:48,2015-02-01 02:30:53,0.05,0.05,0.05,0.05,41.00192,0.05,0.05,0.05,0.05,41.874416,0.05,22.563543,0.05,0.05,0.05,174.51541,0.05,0.05,0.05,0.05
国学精粹与生活艺术,gxjhshys,国学精粹与生活艺术,文化,用自己的方式，用力的生活！,点上方国学精粹与生活艺术免费快速订阅；国学精粹与生活艺术 主编私人微信gxjcyshys这里是70万读者的传,768,100001,http://mp.weixin.qq.com/s?__biz=MzA4OTAzNjMzMQ==&mid=203662993&idx=1&sn=21de9885d030be56afe48308faceebc0&scene=4,2015-01-22 07:05:02,0,0,http://mmbiz.qpic.cn/mmbiz/KQ0VWH7qUN8hMAJaZv5VgbgvggFdT1ticod18dwRUvib7IWZMXgXlFK3F3DnFQxvKhrhiaVf5icg5ic7pgPOZR2CR1w/0,,,,,2015-01-26 11:47:06,2015-01-23 11:20:14,0.05,0.05,0.05,0.05,0.05,0.05,0.05,0.05,0.05,0.05,0.05,14.484036,10.634716,8.224485,0.05,87.51984,47.599274,0.05,0.05,0.05
正商阅读,zsyd88,政商阅读,财富,职工福利发什么、发多少？这些地方出台标准了,﻿点击上面蓝字“政商阅读”免费关注广受推崇的微信公众号。微信号：zsyd88年终岁尾，发福利是大家都关心的。,66,48457,http://mp.weixin.qq.com/s?__biz=MjM5MjEwNzE2NA==&mid=204196901&idx=3&sn=6e36f2a0610ea7a40706975e42d431e9&scene=4,2015-01-26 20:32:43,2,0,http://mmbiz.qpic.cn/mmbiz/shzhgnmbLIfvksiaPLh9jxzvOqtqZARzBfrQIpt0OIpicjHNtfF325gjH8FNmIQaUYruS3VibibIxKpPjicvTeI6VNw/0,,,,,2015-02-02 11:21:47,2015-01-27 02:49:56,331.06305,0.05,0.05,0.05,0.05,20.240303,0.05,0.05,0.05,0.05,0.05,54.786377,0.05,0.05,0.05,0.05,0.05,0.05,8.532248,0.05
国学精粹与生活艺术,gxjhshys,国学精粹与生活艺术,文化,天籁梵音《莲心曲》,点上方国学精粹与生活艺术免费快速订阅；国学精粹与生活艺术 主编私人微信gxjcyshys这里是70万读者的传,564,83469,http://mp.weixin.qq.com/s?__biz=MzA4OTAzNjMzMQ==&mid=203689435&idx=6&sn=5d8df2e07f0c49f016b39191af21bd18&scene=4,2015-01-23 07:42:39,5,0,http://mmbiz.qpic.cn/mmbiz/KQ0VWH7qUNib5mGNDicOyW9CI58r82jo59trkBINR6rr3mdNv1TREicTHZyOeIF63WEc5Bxdg4jF5QK8InrcK4sHQ/0,,,,,2015-01-26 11:58:24,2015-01-24 02:52:23,0.05,0.05,0.05,0.05,0.05,0.05,0.05,0.05,0.05,0.05,0.05,9.33924,0.05,0.050000004,0.05,0.05,86.514984,0.05,0.05,0.05
国学精粹与生活艺术,gxjhshys,国学精粹与生活艺术,文化,值得传承后世的《老子》十大哲理,点上方国学精粹与生活艺术免费快速订阅；国学精粹与生活艺术 主编私人微信gxjcyshys这里是70万读者的传,144,51393,http://mp.weixin.qq.com/s?__biz=MzA4OTAzNjMzMQ==&mid=203603244&idx=2&sn=9f5fdcca790fe1fa56ffa3404e56d22d&scene=4,2015-01-20 06:54:00,1,0,http://mmbiz.qpic.cn/mmbiz/KQ0VWH7qUN9iajGoich4CCxwRWb0kQ7tavbIvEpiaDQmUeKibrZdrVicia50oTM0ibE01T1yAn2MJDZibLaKuN7Lfd6FYA/0,,,,,2015-01-26 11:27:52,2015-01-21 12:35:13,79.929245,0.05,0.05,0.05,0.05,0.05,0.05,0.05,0.05,0.05,0.050000004,4.9652886,0.05,0.05,0.05,0.05,504.63748,0.05,0.05,0.05
南京吃喝玩乐,happyinnanjing,南京吃喝玩乐,民生,南京商场之治愈系甜品，光是看着就满足了,小编说：甜点是有魔力的小东西，总是让人无法抗拒，总能够轻而易举的掳获吃货的芳心，让人产生幸福感。今天就跟小编,25,6382,http://mp.weixin.qq.com/s?__biz=MjM5NTkwNTI2MQ==&mid=202372838&idx=2&sn=729e81d1008852c76d355ed1ee4e8b30&scene=4,2015-01-26 12:55:11,1,0,http://mmbiz.qpic.cn/mmbiz/tFkwuuAv9G7qLOMfVzRG13xrcBEM0lCsCXv2oILq46icDwibGV3EMx9EO2cDbxxzKqiazabk7LDfwGb34u6duyytg/0,,,,,2015-02-02 11:21:26,2015-01-27 02:45:48,0.05,0.05,0.05,0.05,0.05,14.494468,0.05,0.05,0.05,0.05,0.05,0.05,0.05,0.05,0.05,0.05,0.05,0.05,265.23123,0.05
十点电影,sdimov,十点电影,体娱,建议每个女孩都看看 《他其实没那么喜欢你》,点击左上蓝字可加关注公众号：十点电影一部美国电影，叫《He&#39;s Just Not That Into You,98,23632,http://mp.weixin.qq.com/s?__biz=MzAwNTA4MzA5Ng==&mid=204151716&idx=4&sn=e7152efc690ddbf94e88eb8a678f0d8b&scene=4,2015-01-18 22:37:53,3,0,http://mmbiz.qpic.cn/mmbiz/Dw2sSD1IbKEdTI91nZicos8XibvuLwIW7bw9nnkrcFdHFwQSIVjc9rsf4icb1YIUMqwL1vquNo4u4WfsW568THk6w/0,,,,,2015-01-26 16:48:37,2015-01-19 12:25:07,0.05,0.05,0.05,0.05,0.05,0.05,0.05,0.05,3.0338552,5.877687,0.05,0.05,0.05,0.05,0.05,680.2717,0.05,31.828463,0.050000004,0.05
南京吃喝玩乐,happyinnanjing,南京吃喝玩乐,民生,这种解酒方法放进朋友圈，大家都会感激你！,白酒说：“喝我的人豪爽！”啤酒说：“喝我的人大度！”红酒说：“喝我的人浪漫！”黄酒说：“喝我的人温情！”名酒,225,49691,http://mp.weixin.qq.com/s?__biz=MjM5NTkwNTI2MQ==&mid=202068918&idx=6&sn=808af7df051dc3687156ed2565703d63&scene=4,2015-01-13 08:49:52,5,0,http://mmsns.qpic.cn/mmsns/tFkwuuAv9G59MicTLbgn1yQicaDSSaVPShX9Ka0fXtBnkJxRVIjUloVw/0,,,,,2015-01-19 12:25:42,2015-01-14 12:31:15,0.05,0.05,0.05,0.05,0.05,0.05,0.05,74.43113,0.05,0.05,0.05,18.168291,0.05,0.05,0.05,0.05,0.05,0.05,5.335456,0.05
国学精粹与生活艺术,gxjhshys,国学精粹与生活艺术,文化,古画，动起来，蛮可爱,点上方国学精粹与生活艺术免费快速订阅；国学精粹与生活艺术 主编私人微信gxjcyshys这里是70万读者的传,556,100001,http://mp.weixin.qq.com/s?__biz=MzA4OTAzNjMzMQ==&mid=203448559&idx=5&sn=62ccaa479368e692fbee11dce8767c8e&scene=4,2015-01-14 07:12:05,4,0,http://mmbiz.qpic.cn/mmbiz/KQ0VWH7qUN9mTj4q61GyDaLfNPmHIFL10LImjq4q1ic6Kvw2uo4v6eQp30Xjxmg3ol7oibWgtQHasfPGrjooAjBA/0,,,,,2015-01-19 12:25:08,2015-01-15 12:39:18,0.05,0.05,0.05,0.05,0.05,0.05,0.05,0.05,0.05,0.05,0.05,30.647327,0.05,3.407021,0.05,0.05,47.5793,0.05,0.05,0.05
十点电影,sdimov,十点电影,体娱,2分钟看尽爱情路上的百转千回,点击左上蓝字可加关注  公众号：十点电影女孩在茫茫人海中寻觅另一半，最终发觉最怀念的是自己一开始就拒绝的那个,56,10356,http://mp.weixin.qq.com/s?__biz=MzAwNTA4MzA5Ng==&mid=204231541&idx=4&sn=9462adfa2e39d08705695cc465778d65&scene=4,2015-01-21 22:07:51,3,0,http://mmbiz.qpic.cn/mmbiz/Dw2sSD1IbKGX7hiaC0RjQq7BibggnibsLt736S8ZRcjRZJH6kmvXRuiczW2ud8wIrsPOUG9lLfribkDFlaer2x8rwlQ/0,,,,,2015-01-26 11:37:41,2015-01-22 11:35:22,0.05,0.05,6.0710087,0.05,0.05,0.05,0.05,0.05,0.05,0.05,0.05,15.509739,0.05,0.05,0.05,40.45132,7.972592,0.05,0.05,0.05
南京吃喝玩乐,happyinnanjing,南京吃喝玩乐,民生,永远不要从别人嘴里去认识另一个人,你永远不知道在别人嘴中的你会有多少版本也不会知道别人为了维护自己而说过什么去诋毁你，更无法阻止那些不切实际的,304,37574,http://mp.weixin.qq.com/s?__biz=MjM5NTkwNTI2MQ==&mid=202097633&idx=1&sn=47badb1b948d682627e72ed3bf2cd1fd&scene=4,2015-01-14 09:35:07,0,0,http://mmbiz.qpic.cn/mmbiz/tFkwuuAv9G6WAveRWWiaS0x5MmhJT5AicGHWmSbEdBlRDhciboqVOSvbXVu5zP8fog61CgGkqq7jZKrHyib6gpYVog/0,,,,,2015-01-19 12:25:31,2015-01-15 12:39:26,0.05,0.05,0.05,3.3038998,0.05,0.05,0.05,0.05,0.05,0.05,0.050000004,0.05,0.05,0.05,0.05,35.234962,0.05,0.05,0.05,0.050000004
国学精粹与生活艺术,gxjhshys,国学精粹与生活艺术,文化,如何找到自己内在的力量？,点上方国学精粹与生活艺术免费快速订阅；国学精粹与生活艺术 微信号：gxjhshys这里是70万读者的传统文化,243,56070,http://mp.weixin.qq.com/s?__biz=MzA4OTAzNjMzMQ==&mid=203289085&idx=3&sn=6ef90359ed85f814ad7b31d1d178cd09&scene=4,2015-01-08 07:00:46,2,0,http://mmbiz.qpic.cn/mmbiz/KQ0VWH7qUN8k9Iam9Ol9Y6Jehd5usXtV77MxwGsh02rjxVP5VDTga5KEsRk7MQfraGiaAOJk9te5TYibSH1e4KUw/0,,,,,2015-01-12 13:11:33,2015-01-12 13:11:11,0.05,0.05,0.05,0.05,78.8934,0.05,0.05,0.05,0.05,0.05,0.05,0.05,0.05,0.05,0.05,230.65733,56.96689,0.05,0.05,0.05
南京吃喝玩乐,happyinnanjing,南京吃喝玩乐,民生,✅看看人家的阳台，这才叫生活！,阳台布置好了，瞬间有一种“阳台花园”的感觉，可以装载起自己满满的生活起居。又温馨又有情调，还可以时不时地约上,116,21133,http://mp.weixin.qq.com/s?__biz=MjM5NTkwNTI2MQ==&mid=202174854&idx=8&sn=9953ee69f63293e9087e6192483160cf&scene=4,2015-01-17 14:16:00,7,0,http://mmbiz.qpic.cn/mmbiz/tFkwuuAv9G7UpwRKnKEAN0ianYHy4R6ibSd1Lr1hia5qviafVDib26YRYVmGJRO23tu3sEibYhhD5HWhj17DsibOLzBicA/0,,,,,2015-01-26 16:42:09,2015-01-18 12:33:24,0.05,0.8622713,0.05,0.05,0.05,0.05,0.05,0.05,0.05,0.05,35.997208,0.05,0.05,0.05,0.05,0.05,0.05,0.05,0.05,0.05
国学精粹与生活艺术,gxjhshys,国学精粹与生活艺术,文化,情到深处，诗最美,点上方国学精粹与生活艺术免费快速订阅；国学精粹与生活艺术 主编私人微信gxjcyshys这里是70万读者的传,608,100001,http://mp.weixin.qq.com/s?__biz=MzA4OTAzNjMzMQ==&mid=203448559&idx=3&sn=01f4392dbf7754b354044bf8788c828e&scene=4,2015-01-14 07:12:05,2,0,http://mmbiz.qpic.cn/mmbiz/KQ0VWH7qUN9mTj4q61GyDaLfNPmHIFL1P4upC9G5qU3Gk9Bfjiaia0CSkZAEZYTgj5scpiaDsnQ21bmcEqhQ7RAKw/0,,,,,2015-01-19 12:25:07,2015-01-15 12:39:18,0.05,0.05,0.05,0.05,0.05,0.05,0.05,0.05,0.05,0.05,0.05,7.333968,0.05,0.05,0.05,2.930345,162.10194,0.05,0.05,0.05
Dispatch,DispatchDaily@qianyi,星明网韩娱速递,体娱,20150113韩国娱乐新闻（更多热点看进来）,（今日寿星·生日粗卡 ）20150113韩国娱乐圈有哪些消息呢？更多偶像资讯进来看！点击下方↓↓↓【阅读原文,46,25270,http://mp.weixin.qq.com/s?__biz=MjM5MjQxMjA0Mg==&mid=204982399&idx=7&sn=23fe5e494d6cf2ea291b368525305be7&scene=4,2015-01-13 17:56:43,6,0,http://mmbiz.qpic.cn/mmbiz/altnl8Xibvb1IzWBumOPBYDBIp2hyvx1NwxibOR0NybIxLLUu4bkEdnV3nBQtBSshNCv53Pzrarqk8jlu9CYLg0w/0,,,,,2015-01-19 11:03:12,2015-01-14 12:01:39,0.05,0.05,0.05,0.05,0.05,0.05,0.05,0.05,0.05,0.05,0.05,30.42834,0.05,0.05,0.05,0.05,0.05,0.05,0.05,27.613407
Dispatch,DispatchDaily@qianyi,星明网韩娱速递,体娱,《Running Man》那些神奇的定律 你发现了吗？,韩娱速递ID: hanyusudi微信圈唯一超百万关注的韩国娱乐公共平台，最新最快韩国娱乐资讯就在这里商务合,467,54052,http://mp.weixin.qq.com/s?__biz=MjM5MjQxMjA0Mg==&mid=205046995&idx=3&sn=ab7304058c81cdc6117dd5d0980ea1c6&scene=4,2015-01-15 18:21:49,2,0,http://mmbiz.qpic.cn/mmbiz/altnl8Xibvb3eS4SkarvrCHMr72RWZQzOwx5qb4pUTl1GnPibdJ80ssTcnPyYFNOf0aR0tttUvnx4rnTib0F5PydQ/0,,,,,2015-01-19 11:03:00,2015-01-16 12:01:29,0.05,0.05,0.050000004,0.05,0.05,0.05,0.05,0.05,0.05,0.05,0.05,16.892065,0.050000004,0.05,0.05,26.383352,0.05,8.974768,0.05,112.78755
